filename,status,details
invalid_filenames,FILE NOT FOUND,/datax/scratch/emmay/galah_spectra/invalid_filenames
170829001901361_I.fits,ERROR,OSError: Empty or corrupt FITS file
171003003601198_I.fits,ERROR,OSError: Empty or corrupt FITS file
171003003601255_I.fits,ERROR,OSError: Empty or corrupt FITS file
171003003601083_I.fits,ERROR,OSError: Empty or corrupt FITS file
171003003601369_I.fits,ERROR,OSError: Empty or corrupt FITS file
171003003601008_I.fits,ERROR,OSError: Empty or corrupt FITS file
170904001401212_I.fits,ERROR,OSError: Empty or corrupt FITS file
170904001401178_I.fits,ERROR,OSError: Empty or corrupt FITS file
170904001401112_I.fits,ERROR,OSError: Empty or corrupt FITS file
170904001401133_I.fits,ERROR,OSError: Empty or corrupt FITS file
170904001401334_I.fits,ERROR,OSError: Empty or corrupt FITS file
140808004701341_I.fits,ERROR,OSError: Empty or corrupt FITS file
140808004701057_I.fits,ERROR,OSError: Empty or corrupt FITS file
170828003201140_I.fits,ERROR,OSError: Empty or corrupt FITS file
170828003201222_I.fits,ERROR,OSError: Empty or corrupt FITS file
170828003201385_I.fits,ERROR,OSError: Empty or corrupt FITS file
181221001601169_I.fits,ERROR,OSError: Empty or corrupt FITS file
181221002101218_I.fits,ERROR,OSError: Empty or corrupt FITS file
181225001601130_I.fits,ERROR,OSError: Empty or corrupt FITS file
181221002101170_I.fits,ERROR,OSError: Empty or corrupt FITS file
181225001601267_I.fits,ERROR,OSError: Empty or corrupt FITS file
181225001601352_I.fits,ERROR,OSError: Empty or corrupt FITS file
181224002101376_I.fits,ERROR,OSError: Empty or corrupt FITS file
181225002101142_I.fits,ERROR,OSError: Empty or corrupt FITS file
181221002101237_I.fits,ERROR,OSError: Empty or corrupt FITS file
181225002101306_I.fits,ERROR,OSError: Empty or corrupt FITS file
181226001601207_I.fits,ERROR,OSError: Empty or corrupt FITS file
170829003401045_I.fits,ERROR,OSError: Empty or corrupt FITS file
170829003401113_I.fits,ERROR,OSError: Empty or corrupt FITS file
170829003401149_I.fits,ERROR,OSError: Empty or corrupt FITS file
170829003401397_I.fits,ERROR,OSError: Empty or corrupt FITS file
170828003201398_I.fits,ERROR,OSError: Empty or corrupt FITS file
170829003401320_I.fits,ERROR,OSError: Empty or corrupt FITS file
170829002901116_I.fits,ERROR,OSError: Empty or corrupt FITS file
170829002901058_I.fits,ERROR,OSError: Empty or corrupt FITS file
181223001601128_I.fits,ERROR,OSError: Empty or corrupt FITS file
170829002901185_I.fits,ERROR,OSError: Empty or corrupt FITS file
170829002901108_I.fits,ERROR,OSError: Empty or corrupt FITS file
181223001601290_I.fits,ERROR,OSError: Empty or corrupt FITS file
181223001601090_I.fits,ERROR,OSError: Empty or corrupt FITS file
170829002901036_I.fits,ERROR,OSError: Empty or corrupt FITS file
181223001601061_I.fits,ERROR,OSError: Empty or corrupt FITS file
170829002901052_I.fits,ERROR,OSError: Empty or corrupt FITS file
170829002901026_I.fits,ERROR,OSError: Empty or corrupt FITS file
181223001601079_I.fits,ERROR,OSError: Empty or corrupt FITS file
170829002901012_I.fits,ERROR,OSError: Empty or corrupt FITS file
171003005101272_I.fits,ERROR,OSError: Empty or corrupt FITS file
181225002601308_I.fits,ERROR,OSError: Empty or corrupt FITS file
171003005101099_I.fits,ERROR,OSError: Empty or corrupt FITS file
171003005101290_I.fits,ERROR,OSError: Empty or corrupt FITS file
171003005101082_I.fits,ERROR,OSError: Empty or corrupt FITS file
171003005101088_I.fits,ERROR,OSError: Empty or corrupt FITS file
181226002101116_I.fits,ERROR,OSError: Empty or corrupt FITS file
181226002101269_I.fits,ERROR,OSError: Empty or corrupt FITS file
181226002601187_I.fits,ERROR,OSError: Empty or corrupt FITS file
181226002101207_I.fits,ERROR,OSError: Empty or corrupt FITS file
171003005101061_I.fits,ERROR,OSError: Empty or corrupt FITS file
181226002101110_I.fits,ERROR,OSError: Empty or corrupt FITS file
171003005101348_I.fits,ERROR,OSError: Empty or corrupt FITS file
181226002101077_I.fits,ERROR,OSError: Empty or corrupt FITS file
171003004601339_I.fits,ERROR,OSError: Empty or corrupt FITS file
171003005101373_I.fits,ERROR,OSError: Empty or corrupt FITS file
181226002101340_I.fits,ERROR,OSError: Empty or corrupt FITS file
181226002601339_I.fits,ERROR,OSError: Empty or corrupt FITS file
181226002601030_I.fits,ERROR,OSError: Empty or corrupt FITS file
181226002101330_I.fits,ERROR,OSError: Empty or corrupt FITS file
181225003101146_I.fits,ERROR,OSError: Empty or corrupt FITS file
181221002601236_I.fits,ERROR,OSError: Empty or corrupt FITS file
181225003101287_I.fits,ERROR,OSError: Empty or corrupt FITS file
181224001601240_I.fits,ERROR,OSError: Empty or corrupt FITS file
181225003101084_I.fits,ERROR,OSError: Empty or corrupt FITS file
181222002101175_I.fits,ERROR,OSError: Empty or corrupt FITS file
181222002101167_I.fits,ERROR,OSError: Empty or corrupt FITS file
181224001601293_I.fits,ERROR,OSError: Empty or corrupt FITS file
170828004401112_I.fits,ERROR,OSError: Empty or corrupt FITS file
181225003101384_I.fits,ERROR,OSError: Empty or corrupt FITS file
170828004401131_I.fits,ERROR,OSError: Empty or corrupt FITS file
181224001601327_I.fits,ERROR,OSError: Empty or corrupt FITS file
181222002101109_I.fits,ERROR,OSError: Empty or corrupt FITS file
181225002601399_I.fits,ERROR,OSError: Empty or corrupt FITS file
181225002601395_I.fits,ERROR,OSError: Empty or corrupt FITS file
181222002101126_I.fits,ERROR,OSError: Empty or corrupt FITS file
170828004401249_I.fits,ERROR,OSError: Empty or corrupt FITS file
170828004401226_I.fits,ERROR,OSError: Empty or corrupt FITS file
170828004401261_I.fits,ERROR,OSError: Empty or corrupt FITS file
181221002601294_I.fits,ERROR,OSError: Empty or corrupt FITS file
170828004401251_I.fits,ERROR,OSError: Empty or corrupt FITS file
181220001601037_I.fits,ERROR,OSError: Empty or corrupt FITS file
181224003601118_I.fits,ERROR,OSError: Empty or corrupt FITS file
170828004401276_I.fits,ERROR,OSError: Empty or corrupt FITS file
140114004701164_B.fits,ERROR,OSError: Empty or corrupt FITS file
140114004701164_V.fits,ERROR,OSError: Empty or corrupt FITS file
140114004701164_R.fits,ERROR,OSError: Empty or corrupt FITS file
140114004701164_I.fits,ERROR,OSError: Empty or corrupt FITS file
181223002501266_I.fits,ERROR,OSError: Empty or corrupt FITS file
181220001601256_I.fits,ERROR,OSError: Empty or corrupt FITS file
181220001601124_I.fits,ERROR,OSError: Empty or corrupt FITS file
181225003601146_I.fits,ERROR,OSError: Empty or corrupt FITS file
181225003601305_I.fits,ERROR,OSError: Empty or corrupt FITS file
181225003601354_I.fits,ERROR,OSError: Empty or corrupt FITS file
181221003101257_I.fits,ERROR,OSError: Empty or corrupt FITS file
181226003101190_I.fits,ERROR,OSError: Empty or corrupt FITS file
181226004601083_I.fits,ERROR,OSError: Empty or corrupt FITS file
181226004601087_I.fits,ERROR,OSError: Empty or corrupt FITS file
140113005301397_B.fits,ERROR,OSError: Empty or corrupt FITS file
140113005301397_V.fits,ERROR,OSError: Empty or corrupt FITS file
140113005301397_R.fits,ERROR,OSError: Empty or corrupt FITS file
140113005301397_I.fits,ERROR,OSError: Empty or corrupt FITS file
181222004601120_I.fits,ERROR,OSError: Empty or corrupt FITS file
181222004601316_I.fits,ERROR,OSError: Empty or corrupt FITS file
181223004501218_I.fits,ERROR,OSError: Empty or corrupt FITS file
181221005601007_I.fits,ERROR,OSError: Empty or corrupt FITS file
181221005601258_I.fits,ERROR,OSError: Empty or corrupt FITS file
181221005601109_I.fits,ERROR,OSError: Empty or corrupt FITS file
181221003601144_I.fits,ERROR,OSError: Empty or corrupt FITS file
181224004101128_I.fits,ERROR,OSError: Empty or corrupt FITS file
181221005101006_I.fits,ERROR,OSError: Empty or corrupt FITS file
181224004601135_I.fits,ERROR,OSError: Empty or corrupt FITS file
181225004101231_I.fits,ERROR,OSError: Empty or corrupt FITS file
181224004101151_I.fits,ERROR,OSError: Empty or corrupt FITS file
181221004101393_I.fits,ERROR,OSError: Empty or corrupt FITS file
181220003101244_I.fits,ERROR,OSError: Empty or corrupt FITS file
181221004601284_I.fits,ERROR,OSError: Empty or corrupt FITS file
181220003101275_I.fits,ERROR,OSError: Empty or corrupt FITS file
181221004101366_I.fits,ERROR,OSError: Empty or corrupt FITS file
181220003101093_I.fits,ERROR,OSError: Empty or corrupt FITS file
181221005101065_I.fits,ERROR,OSError: Empty or corrupt FITS file
181221005101026_I.fits,ERROR,OSError: Empty or corrupt FITS file
181224004601164_I.fits,ERROR,OSError: Empty or corrupt FITS file
181221005101023_I.fits,ERROR,OSError: Empty or corrupt FITS file
181220003101357_I.fits,ERROR,OSError: Empty or corrupt FITS file
181220002601358_I.fits,ERROR,OSError: Empty or corrupt FITS file
181221004601256_I.fits,ERROR,OSError: Empty or corrupt FITS file
181221004101341_I.fits,ERROR,OSError: Empty or corrupt FITS file
170408002501239_I.fits,ERROR,OSError: Empty or corrupt FITS file
181225004601057_I.fits,ERROR,OSError: Empty or corrupt FITS file
181225004601301_I.fits,ERROR,OSError: Empty or corrupt FITS file
230208002801160_I.fits,ERROR,OSError: Empty or corrupt FITS file
160520002601098_I.fits,ERROR,OSError: Empty or corrupt FITS file
160520002601357_I.fits,ERROR,OSError: Empty or corrupt FITS file
210114002501197_B.fits,ERROR,OSError: Empty or corrupt FITS file
210114002501197_V.fits,ERROR,OSError: Empty or corrupt FITS file
210114002501197_R.fits,ERROR,OSError: Empty or corrupt FITS file
210114002501197_I.fits,ERROR,OSError: Empty or corrupt FITS file
190205002701195_I.fits,ERROR,OSError: Empty or corrupt FITS file
190205002701116_I.fits,ERROR,OSError: Empty or corrupt FITS file
200514003701311_I.fits,ERROR,OSError: Empty or corrupt FITS file
170408004501201_I.fits,ERROR,OSError: Empty or corrupt FITS file
200214004601185_I.fits,ERROR,OSError: Empty or corrupt FITS file
160520004201241_R.fits,ERROR,OSError: Empty or corrupt FITS file
160520004201241_I.fits,ERROR,OSError: Empty or corrupt FITS file
160520004901127_I.fits,ERROR,OSError: Empty or corrupt FITS file
170408006001386_I.fits,ERROR,OSError: Empty or corrupt FITS file
140808002101305_I.fits,ERROR,OSError: Empty or corrupt FITS file
140808002101033_I.fits,ERROR,OSError: Empty or corrupt FITS file
160520005701085_I.fits,ERROR,OSError: Empty or corrupt FITS file
200514006201339_I.fits,ERROR,OSError: Empty or corrupt FITS file
171003001601095_I.fits,ERROR,OSError: Empty or corrupt FITS file
171003001601053_I.fits,ERROR,OSError: Empty or corrupt FITS file
140808002701220_I.fits,ERROR,OSError: Empty or corrupt FITS file
181027001101085_I.fits,ERROR,OSError: Empty or corrupt FITS file
160520006101214_I.fits,ERROR,OSError: Empty or corrupt FITS file
160520006101361_I.fits,ERROR,OSError: Empty or corrupt FITS file
140814004801067_I.fits,ERROR,OSError: Empty or corrupt FITS file
140814004801397_I.fits,ERROR,OSError: Empty or corrupt FITS file
171003003101126_I.fits,ERROR,OSError: Empty or corrupt FITS file
171003003101248_I.fits,ERROR,OSError: Empty or corrupt FITS file
171003002601151_I.fits,ERROR,OSError: Empty or corrupt FITS file
171003002601278_I.fits,ERROR,OSError: Empty or corrupt FITS file
160813003601326_B.fits,ERROR,OSError: Empty or corrupt FITS file
160813003601326_V.fits,ERROR,OSError: Empty or corrupt FITS file
160813003601326_R.fits,ERROR,OSError: Empty or corrupt FITS file
160813003601326_I.fits,ERROR,OSError: Empty or corrupt FITS file
160813003601051_B.fits,ERROR,OSError: Empty or corrupt FITS file
160813003601051_V.fits,ERROR,OSError: Empty or corrupt FITS file
160813003601051_R.fits,ERROR,OSError: Empty or corrupt FITS file
160813003601051_I.fits,ERROR,OSError: Empty or corrupt FITS file
160813003601366_B.fits,ERROR,OSError: Empty or corrupt FITS file
160813003601366_V.fits,ERROR,OSError: Empty or corrupt FITS file
160813003601366_R.fits,ERROR,OSError: Empty or corrupt FITS file
160813003601366_I.fits,ERROR,OSError: Empty or corrupt FITS file
140808003201113_I.fits,ERROR,OSError: Empty or corrupt FITS file
201001002201255_B.fits,ERROR,OSError: Empty or corrupt FITS file
201001002201255_V.fits,ERROR,OSError: Empty or corrupt FITS file
201001002201255_R.fits,ERROR,OSError: Empty or corrupt FITS file
201001002201255_I.fits,ERROR,OSError: Empty or corrupt FITS file
201001002201094_B.fits,ERROR,OSError: Empty or corrupt FITS file
201001002201094_V.fits,ERROR,OSError: Empty or corrupt FITS file
201001002201094_R.fits,ERROR,OSError: Empty or corrupt FITS file
201001002201094_I.fits,ERROR,OSError: Empty or corrupt FITS file
201001002201304_B.fits,ERROR,OSError: Empty or corrupt FITS file
201001002201304_V.fits,ERROR,OSError: Empty or corrupt FITS file
201001002201304_R.fits,ERROR,OSError: Empty or corrupt FITS file
201001002201304_I.fits,ERROR,OSError: Empty or corrupt FITS file
140808003701214_I.fits,ERROR,OSError: Empty or corrupt FITS file
140808003701314_I.fits,ERROR,OSError: Empty or corrupt FITS file
