obj_id,n_detections
131217002301135,4
131217002301304,135
131217002301373,208
140308000101097,613
140308000101105,16
140308000101159,52
140308000101193,83
140308000101241,8
140308000101248,11
140308000101253,1
140308000101264,10
140409002501196,285
140414003101306,4
140708007101168,12
140708007101289,3
140709003801399,2
140711004401055,1555
140711004401120,11
140711004401142,15
140711004401197,7
140806004701022,7
140806004701026,12
140806004701344,4
140807005601045,1
140807005601284,8
140807005601342,12
140807006201014,27
140807006201039,5
140808004701057,5
140808004701341,5
140810005901103,39
140810005901151,3
140811005001122,14
140811005001133,2
140813004601284,1
140813004601366,28
140814006001161,17
140814006001166,10
140820002101387,1
140820003701226,5
141031003601019,12
141031003601151,4
141031003601276,4
141031003601318,3
141101003001151,3
141101003001328,34
141101003001379,11
141101003001384,13
141102002701021,10
141102002701254,2
141102003201020,16
141102003201059,17
141102003201081,3
141102003201131,3
141102003201149,21
141102003201175,15
141103003101174,12
141103003601014,28
141103003601015,6
141103003601298,2
141103004201095,1
141104002801123,8
141104003301002,34
141104003301239,40
141104003801016,4
141104003801107,3
141104003801157,10
141104003801337,42
141104004301161,20
141202003701298,17
141202003701330,5
141231002501125,3
141231003001314,2
150101002301244,8
150103003001317,6
150103003001389,4
150109001001046,664
150109001001071,308
150109001001248,858
150109001001255,1017
150109001001277,100
150109001001301,72
150112002501093,4
150112002501318,7
150211004201391,12
150408004101288,27
150409002601167,2
150409002601230,3
150409002601346,2
150409004101151,6
150409004601389,1
150409005101349,1
150409005601092,3
150409006101012,5
150409006101122,77
150409006101292,7
150410002301033,38
150410002301208,155
150411003101288,16
150412003101117,21
150412003101185,26
150412003601082,15
150413002601188,37
150413002601239,150
150413003601037,16
150413003601054,59
150427001801095,294
150427001801194,174
150427001801398,6
150427002301053,18
150427002301115,136
150427002301238,372
150427002301273,160
150427002301331,12
150704002301134,18
150705006401270,1
150705006401307,5
150706005901097,2
150706005901322,14
150827004601178,6
150827004601393,46
150827005201040,38
150827005201324,2
150828005201054,63
150828005201155,26
150828005201293,25
150828005201370,29
150828005201395,12
150828005701071,13
150828005701301,21
150829005701213,14
150829005701255,20
150830005601130,82
150830005601134,2
150830006101213,158
150831006001203,183
150831006001369,22
150902002901078,27
150902002901116,4
150902003701386,3
150903002401094,6
150903002401126,5
150903002401145,4
150903002401180,9
150903002401324,1
151008003501047,5
151008004001026,8
151008004001031,1
151008004001214,26
151008004001280,2
151008004001328,52
151009003101086,4
151009003101116,6
151009003101130,180
151009003101148,7
151009003601014,7
151009003601102,5
151009003601118,9
151009003601205,14
151009003601294,2
151009003601306,7
151009003601329,24
151009003601347,6
151009004101026,8
151009004101111,10
151009004101130,4
151009004101262,13
151009004101272,5
151009004101389,40
151009004601331,6
151009005101029,5
151009005101251,60
151109001601352,10
151109002601152,17
151109003101026,4
151109003101237,806
151109003101309,105
151109003101341,72
151109003101353,183
151110002601085,9
151110002601119,11
151110002601317,10
151110002601332,13
151110002601385,5
151110003101011,24
151110003101096,1
151110003101123,7
151110003101127,526
151110003101254,3
151110003101271,14
151110003101327,32
151110003701213,8
151111003101077,3
151111003101172,6
151111003101322,38
151111003101380,39
151111003601020,163
151111003601084,870
151111003601247,617
151219001601113,8
151219001601177,64
151219001601236,25
151219002601097,1
151219002601272,5
151219003101027,5
151219003101208,2
151220002801017,13
151220002801239,2
151220002801284,11
151220002801375,8
151220003401035,125
151220003401321,448
151226002701170,366
151226002701317,150
151230001601177,10
151230002201333,8
151230002201353,5
160106001601078,1
160106002101048,1
160106002101111,122
160106002101128,242
160106002101285,13
160106002101358,65
160106002101377,13
160106002101395,3
160106002601267,1
160107001601088,1
160107001601254,1
160107001601313,22
160107001601316,5
160107001601379,24
160107002101028,2
160107002101045,4
160107002101362,14
160107002601049,22
160107002601085,2
160107002601115,1
160107002601264,23
160107002601281,5
160107002601371,6
160107003101332,188
160107003101364,235
160108002001229,51
160109002001009,23
160109002001015,41
160109002001096,13
160109002001196,4
160109002001297,38
160109002001315,159
160109002001384,48
160110001601030,20
160110001601055,4
160110001601329,136
160110001601352,46
160110002101290,4
160110002101383,1
160111001601021,8
160111001601042,420
160111001601056,28
160111001601069,23
160111001601149,147
160111001601366,101
160111001601368,38
160111002101097,1
160111002101186,18
160111002101201,3
160111002101284,544
160113001601342,41
160124002601248,7
160124002601339,24
160325004701396,1
160402005101075,1
160402005101161,1
160402005101316,16
160402005101345,6
160402005101360,4
160418003601368,1
160517000101089,359
160517000101279,4
160811004601361,2
160815004801159,14
160815004801229,48
160815004801273,8
160815004801317,5
160816004701070,1
160816004701129,1
160816004701175,3
160816004701303,5
160816004701356,4
160916003301169,7
160916003801115,62
160916003801135,609
160916003801156,1108
160916003801167,11
160916004301302,1
160919004601004,8
160919004601208,11
160923003101158,14
160923003101278,11
160923003101343,113
160923003701021,2
160923003701120,9
160923003701253,114
160923004201025,1
160923004201303,2
160923004701031,2
160923004701167,2
160923004701186,34
160923004701204,6
160923004701280,116
161006004401128,1
161006004901032,1
161006004901038,9
161006004901045,7
161006004901112,4
161006004901129,7
161006005401270,17
161006005401336,3
161006005401365,1
161006005901038,13
161006005901054,29
161006005901165,5
161006005901176,3
161006005901320,330
161006005901387,99
161007003801285,15
161007004201017,268
161007004201103,101
161007004201248,470
161007004201291,882
161008003501206,2
161008004001279,18
161009004301276,15
161009004301370,9
161009004801211,3
161009004801365,3
161009005301251,20
161009005301381,16
161009005901153,28
161009005901238,4
161009005901256,12
161011002201275,2
161011002201310,3
161011002801068,10
161011002801095,9
161011002801194,4
161011002801345,11
161011003401351,2
161012003201234,25
161013003801111,5
161013003801283,6
161013004401118,12
161013004901093,2
161104003301111,5
161104003301114,9
161104003301122,2
161104003801134,5
161104003801140,1
161104003801331,8
161105004101195,22
161105004601162,2
161106003601328,7
161106004101018,7
161106004101231,8
161106004101291,6
161107002101088,13
161107002101124,2
161107002101184,6
161107002101346,32
161107002801382,1
161107003901077,2
161107003901321,1
161109003901340,12
161109004401032,3
161109004401235,8
161109004401251,14
161109004401367,27
161109004901006,4
161109004901137,1
161109004901289,3
161115001601309,1
161115002101006,13
161115002101047,1
161115002101342,1
161115002701304,13
161116001701343,2
161116002201070,3
161116002801202,8
161116002801235,1
161116002801392,21
161116003301385,15
161116003301391,5
161117003001166,10
161117003001296,3
161117003001393,2
161117003501002,4
161117003501031,1
161117004601235,2
161118002501058,152
161118002501129,69
161118002501177,2
161118002501241,8
161118003001293,12
161118003501124,4
161118003501158,2
161118003501264,6
161118003501332,84
161118003501395,5
161118004001184,2
161118004001290,6
161118004001364,2
161118005201395,1
161119002601134,3
161119003101093,5
161119003101123,1
161119003101383,4
161119003601075,25
161119003601088,18
161119003601241,4
161119003601270,20
161119003601282,41
161119003601367,13
161120002401009,16
161120002401173,2
161120002401211,5
161209001601032,1
161209001601037,2
161209001601171,1
161209001601212,2
161210002601116,11
161210002601222,10
161210002601227,6
161210002601248,60
161210002601308,3
161210004201370,5
161211002601129,14
161211003901020,1
161211003901140,7
161212001601122,3
161212002101143,1
161212002101204,3
161213001601079,1
161213001601163,4
161213002601118,1
161213002601169,9
161213002601174,4
161213002601181,1
161213002601316,11
161213003101278,2
161216001801123,252
161217002601072,1
161217002601097,4
161217003101211,2
161217003101224,6
161218002601232,1
161218003101162,1
161218003101327,5
161218003601255,2
161219002601313,10
161219003101078,5
161228001501233,870
161228001501325,921
161228002001268,106
161229001601228,11
161229001601279,309
161229001601344,8
161229002201127,35
170103001801015,18
170103001801066,32
170103001801128,34
170103001801196,23
170103001801245,100
170103001801326,211
170103001801344,12
170103001801390,15
170105002101128,4
170106002601292,19
170106002601388,2
170108001601286,24
170108001601380,23
170108001601388,1
170108002201009,619
170108002201320,234
170109002101320,12
170114002601091,11
170115002201351,3
170117002101203,4
170117002101243,15
170117002101347,8
170117002601137,1
170117002601178,8
170119002601072,3
170119002601297,203
170119003101260,50
170121002201186,2
170122002101033,3
170122002101276,2
170127001601248,564
170127001601361,6
170127001601393,23
170128001601061,3
170128002101036,2
170128002601077,29
170128002601122,48
170128002601252,570
170130001601268,10
170130001601364,2
170130001601366,11
170202000201147,19
170220001601134,12
170220001601149,4
170220001601328,8
170220001601366,3
170220001601368,2
170413003101183,1
170417004001142,2
170417004001257,2
170508002601056,8
170508002601379,2
170530001601029,125
170531002301332,9
170711005801006,2
170713005601314,8
170713005601370,15
170713006101122,33
170713006101273,16
170713006101386,6
170723005101026,30
170723005101029,275
170723005101083,25
170723005101090,25
170723005101151,6
170723005101165,28
170805005101149,4
170805005101261,13
170805005101392,7
170806005801126,6
170806005801129,16
170806005801301,4
170828003201140,7
170828003201222,1
170828003201385,1
170828003901230,1
170828003901354,1
170828003901392,1
170828004401226,1
170829001101394,3
170829002901012,1
170829003401045,3
170829003401113,1
170829003401149,3
170829003901129,2
170829003901135,1
170829003901293,1
170830002801353,1
170830004001065,1
170830004001234,1
170904001401112,9
170904001401133,2
170904001401178,40
170904001401212,44
170904001401334,3
170905003501251,1
170905003501258,8
170905003501316,9
170905004001138,51
170906003101399,7
170906004601059,1
170906004601108,1
170906004601226,2
170906005101057,31
170906005101373,6
170906005101375,8
170906005601012,166
170906005601326,87
170906005601337,412
170906005601366,122
170907004601071,4
170907004601075,2
170907004601341,7
170909003201007,49
170909003201020,7
170909003201027,3
170909003201311,6
170909003801053,37
170909003801254,20
170909003801321,83
170910004101346,14
170910004101382,135
170910004601044,4
170910005101101,7
170910005101105,7
170910005101122,2
170910005101261,5
170910006101128,1
170910006101248,1
170910006101257,1
170910006101292,1
170911004701168,3
170928000101220,11
171001002901035,5
171001002901108,4
171001002901175,6
171003003601198,4
171003003601255,6
171003003601369,2
171003004601339,14
171003005101061,6
171003005101099,1
171003005101272,1
171003005101290,1
171027001601036,2
171027001601281,114
171027001601391,19
171027002201123,10
171029003301007,2
171029003301379,8
171031002801192,26
171101001801116,9
171101001801182,7
171101001801233,3
171101002501387,4
171101003001171,1
171102002701399,22
171102003301043,1
171102003301071,5
171102003301212,9
171102003901080,1
171102003901127,99
171102004501107,2
171102004501165,1
171102004501353,11
171106003001009,3
171106003001143,1
171106003601280,9
171106003601296,2
171205002101373,75
171205002601315,7
171205002601353,13
171206003601232,1
171227002101088,62
171228002101219,4
171228002701136,2
171228002701187,179
171228002701232,1
171228003201087,14
171230001601006,13
171230001601207,17
171230002601273,3
171230004101056,15
171230004101385,1
180101003601347,1
180129002601127,945
181220001601037,21
181221002101237,1
181222002101109,32
181222002101167,17
181223001601079,1
181223001601090,11
181223001601128,135
181223001601290,8
181224001601327,24
181225001601130,253
181225001601267,5
181225002601395,2
181225002601399,10
181225003101384,30
181226002101110,1
181226002101116,1
181226002101340,5
181226002601187,208
191106002301072,247
191106003801336,1
191107002101063,14
191107002101320,3
191107002601049,29
191107002601233,1
191107002601360,4
191107002601384,5
191107003101087,117
191107003601092,11
191107003601266,86
191107003601347,7
191109002201058,6
200519001901243,20
200825003301056,11
200825003301205,9
200825003301309,5
200831003901032,3
200831003901289,14
200831003901313,3
200901004101184,4
200901004101254,4
200901004101272,3
200901004601146,3
200901004601289,13
200904001101046,2
200904001101065,81
200904001101214,622
200905003101352,8
200926004101020,8
200926004101160,7
200926004101220,2
200926004101319,15
200927003101202,1
200927003101344,1
201001003201073,2
201001003201232,2
201002002601346,10
201003005001130,34
201003005001153,1
201003005001259,5
201003005001321,11
201003005601020,6
201005003601052,1
201006003601228,13
201006003601366,5
201201003001055,5
201204002101080,12
201204002101321,2
201207002101037,134
201207002101149,121
201207002101373,120
201207003001230,140
210706004701022,171
210706004701045,39
210706004701215,119
210706004701260,449
210706004701296,20
210706004701299,19
210719001601138,1214
210719001601153,724
210730003901017,13
210730003901240,29
210914000601329,7
210919003601187,2
210919003601298,2
210919003601371,14
210925003001014,2
210925003001196,1
210925003001199,1
210925003001361,16
211114000401003,35
211215003201389,209
211216001601276,1
211216001601378,4
211221001601149,32
211221001601305,462
221003001101021,2
221003001101220,18
221003001601230,5
221003001601261,8
221003001601342,3
221102001601182,2
221102001601267,2
221102001601279,5
221102001601360,4
221102001601384,1
221103002601114,1
221103002601125,1
221103002601217,2
221103002601227,5
221103002601277,1
221103002601297,3
221103002601301,1
221103002601376,2
221104001601394,8
221104002101255,6
221104002101335,3
221104002101340,28
221108002301199,12
221108002301325,9
221109002601267,2
221109002601345,3
221109002601377,7
221110003101123,324
221110003101124,79
221110003101199,9
221110003101258,5
221110003101271,12
221221001601110,1
221221001601220,1
221231001601212,4
221231001601333,5
221231001601344,1
230102001601074,472
230102001601078,520
230102001601081,1226
230102001601227,574
230102001601256,727
230102001601258,596
230731002201392,6
230731003301076,2
230731003301285,3
230801002101384,2
230801002101392,3
230801004501136,124
230801004501217,135
