obj_id,filt,n_detections
210719001601138,B,505
210719001601138,V,413
210719001601138,R,152
210719001601138,I,144
140711004401055,V,485
140711004401055,B,473
140711004401055,R,409
140711004401055,I,188
170128002601252,B,458
170128002601252,V,102
170128002601252,I,7
170128002601252,R,3
160111002101284,B,431
160111002101284,V,63
160111002101284,R,34
160111002101284,I,16
230102001601081,B,424
230102001601081,V,331
230102001601081,R,293
230102001601081,I,178
160916003801156,B,411
160916003801156,R,277
160916003801156,V,248
160916003801156,I,172
200904001101214,B,395
200904001101214,V,152
200904001101214,R,58
200904001101214,I,17
160916003801135,B,379
160916003801135,V,205
160916003801135,I,15
160916003801135,R,10
210719001601153,B,361
210719001601153,V,171
210719001601153,I,124
210719001601153,R,68
180129002601127,V,359
180129002601127,R,305
180129002601127,I,190
180129002601127,B,91
161228001501325,B,358
161228001501325,R,237
161228001501325,V,218
161228001501325,I,108
150109001001255,B,345
150109001001255,V,266
150109001001255,I,209
150109001001255,R,197
170906005601337,B,343
170906005601337,R,57
170906005601337,I,11
170906005601337,V,1
140308000101097,B,341
140308000101097,V,198
140308000101097,R,52
140308000101097,I,22
151109003101237,V,338
151109003101237,B,301
151109003101237,I,110
151109003101237,R,57
170127001601248,B,337
170127001601248,V,162
170127001601248,I,33
170127001601248,R,32
150109001001248,B,317
150109001001248,V,206
150109001001248,I,195
150109001001248,R,140
170108002201009,I,317
170108002201009,B,174
170108002201009,V,122
170108002201009,R,6
230102001601258,B,317
230102001601258,V,161
230102001601258,R,67
230102001601258,I,51
151111003601084,V,312
151111003601084,R,222
151111003601084,B,171
151111003601084,I,165
161228001501233,R,304
161228001501233,B,299
161228001501233,V,177
161228001501233,I,90
161007004201291,B,294
161007004201291,V,228
161007004201291,I,199
161007004201291,R,161
151110003101127,B,286
151110003101127,V,190
151110003101127,R,38
151110003101127,I,12
151111003601247,V,279
151111003601247,R,165
151111003601247,B,111
151111003601247,I,62
230102001601227,B,274
230102001601227,R,103
230102001601227,I,101
230102001601227,V,96
230102001601078,B,269
230102001601078,V,140
230102001601078,R,60
230102001601078,I,51
230102001601074,B,266
230102001601074,V,106
230102001601074,I,61
230102001601074,R,39
230102001601256,B,258
230102001601256,V,228
230102001601256,R,130
230102001601256,I,111
160111001601042,B,252
160111001601042,V,88
160111001601042,R,51
160111001601042,I,29
161007004201248,B,251
161007004201248,V,137
161007004201248,I,54
161007004201248,R,28
221110003101123,B,250
221110003101123,V,52
221110003101123,I,12
221110003101123,R,10
210706004701260,B,234
210706004701260,V,146
210706004701260,I,44
210706004701260,R,25
191106002301072,B,228
191106002301072,V,14
191106002301072,I,3
191106002301072,R,2
161006005901320,B,227
161006005901320,V,79
161006005901320,I,18
161006005901320,R,6
151220003401321,B,224
151220003401321,V,133
151220003401321,I,62
151220003401321,R,29
170723005101029,B,217
170723005101029,V,51
170723005101029,R,5
170723005101029,I,2
150109001001046,B,206
150109001001046,V,171
150109001001046,R,155
150109001001046,I,132
211221001601305,B,204
211221001601305,I,133
211221001601305,V,81
211221001601305,R,44
161229001601279,B,200
161229001601279,V,50
161229001601279,I,41
161229001601279,R,18
181225001601130,B,196
181225001601130,V,44
181225001601130,R,13
150427001801095,B,192
150427001801095,V,63
150427001801095,I,30
150427001801095,R,9
131217002301373,B,189
131217002301373,V,19
150427002301238,B,181
150427002301238,V,83
150427002301238,I,75
150427002301238,R,33
170119002601297,B,181
170119002601297,V,14
170119002601297,I,8
161216001801123,B,179
161216001801123,V,39
161216001801123,I,26
161216001801123,R,8
151226002701170,B,177
151226002701170,V,84
151226002701170,I,63
151226002701170,R,42
160517000101089,B,177
160517000101089,V,63
160517000101089,I,60
160517000101089,R,59
150109001001071,B,176
150109001001071,V,75
150109001001071,I,32
150109001001071,R,25
140409002501196,B,174
140409002501196,V,87
140409002501196,I,17
140409002501196,R,7
151109003101353,B,158
151109003101353,I,16
151109003101353,V,9
181226002601187,B,154
181226002601187,V,50
181226002601187,R,4
170103001801326,B,152
170103001801326,V,29
170103001801326,I,18
170103001801326,R,12
160106002101128,B,140
160106002101128,V,43
160106002101128,I,36
160106002101128,R,23
161118002501058,B,133
161118002501058,V,15
161118002501058,I,2
161118002501058,R,2
150427001801194,B,122
150427001801194,I,24
150427001801194,V,18
150427001801194,R,10
131217002301304,B,121
131217002301304,V,9
131217002301304,I,5
170906005601366,B,121
170906005601366,I,1
171228002701187,B,120
171228002701187,I,40
171228002701187,V,17
171228002701187,R,2
170906005601012,B,119
170906005601012,R,36
170906005601012,I,10
170906005601012,V,1
170108002201320,V,118
170108002201320,I,56
170108002201320,B,41
170108002201320,R,19
210706004701022,B,118
210706004701022,V,33
210706004701022,I,13
210706004701022,R,7
161007004201017,I,115
161007004201017,B,54
161007004201017,R,50
161007004201017,V,49
191107003101087,B,115
191107003101087,I,1
191107003101087,V,1
160923003701253,B,112
160923003701253,I,2
150413002601239,B,111
150413002601239,I,27
150413002601239,V,11
150413002601239,R,1
170910004101382,B,108
170910004101382,V,17
170910004101382,I,10
160107003101364,R,106
160107003101364,B,81
160107003101364,V,27
160107003101364,I,21
160923004701280,B,103
160923004701280,I,8
160923004701280,V,5
160109002001315,B,102
160109002001315,V,29
160109002001315,I,26
160109002001315,R,2
161228002001268,B,102
161228002001268,I,4
150831006001203,B,101
150831006001203,I,39
150831006001203,V,37
150831006001203,R,6
151009003101130,B,101
151009003101130,V,34
151009003101130,R,23
151009003101130,I,22
160107003101332,B,101
160107003101332,R,36
160107003101332,V,26
160107003101332,I,25
201207002101037,B,97
201207002101037,I,20
201207002101037,V,15
201207002101037,R,2
230801004501136,B,97
230801004501136,I,18
230801004501136,V,8
230801004501136,R,1
201207003001230,B,96
201207003001230,I,32
201207003001230,V,12
171027001601281,B,94
171027001601281,I,16
171027001601281,V,4
151109003101309,B,93
151109003101309,I,9
151109003101309,V,3
210706004701215,B,92
210706004701215,I,22
210706004701215,V,5
160110001601329,B,89
160110001601329,I,21
160110001601329,V,21
160110001601329,R,5
170906005601326,B,86
170906005601326,I,1
181223001601128,B,86
181223001601128,V,38
181223001601128,R,11
160923003101343,B,83
160923003101343,I,22
160923003101343,V,8
170103001801245,B,81
170103001801245,I,16
170103001801245,V,3
150427002301115,B,79
150427002301115,I,32
150427002301115,V,19
150427002301115,R,6
150427002301273,B,79
150427002301273,I,40
150427002301273,V,29
150427002301273,R,12
151226002701317,B,79
151226002701317,V,36
151226002701317,I,28
151226002701317,R,7
201207002101373,B,78
201207002101373,I,28
201207002101373,V,14
151111003601020,V,77
151111003601020,B,74
151111003601020,I,11
151111003601020,R,1
170530001601029,B,77
170530001601029,V,30
170530001601029,I,17
170530001601029,R,1
191107003601266,B,73
191107003601266,I,12
191107003601266,V,1
200904001101065,B,73
200904001101065,I,8
211215003201389,B,72
211215003201389,I,64
211215003201389,V,56
211215003201389,R,17
140308000101193,B,71
140308000101193,I,11
140308000101193,V,1
171102003901127,B,69
171102003901127,V,17
171102003901127,I,12
171102003901127,R,1
160106002101111,B,68
160106002101111,I,27
160106002101111,V,21
160106002101111,R,6
161007004201103,B,68
161007004201103,V,19
161007004201103,I,12
161007004201103,R,2
230801004501217,B,68
230801004501217,V,37
230801004501217,I,28
230801004501217,R,2
151220003401035,B,67
151220003401035,I,27
151220003401035,V,23
151220003401035,R,8
160111001601366,B,67
160111001601366,I,22
160111001601366,V,12
150410002301208,I,66
150410002301208,V,54
150410002301208,B,30
150410002301208,R,5
150109001001301,B,65
150109001001301,I,4
150109001001301,V,3
150828005201054,B,60
150828005201054,I,2
150828005201054,V,1
161006005901387,B,59
161006005901387,I,27
161006005901387,V,12
161006005901387,R,1
150830006101213,I,58
150830006101213,B,52
150830006101213,R,26
150830006101213,V,22
151109003101341,B,56
151109003101341,I,13
151109003101341,V,3
201207002101149,B,56
201207002101149,I,36
201207002101149,V,29
151009005101251,B,54
151009005101251,I,6
171205002101373,B,53
171205002101373,I,13
171205002101373,V,9
170909003801321,B,52
170909003801321,I,16
170909003801321,V,13
170909003801321,R,2
140308000101159,B,47
140308000101159,I,4
140308000101159,V,1
150413003601054,B,47
150413003601054,I,12
160111001601149,B,47
160111001601149,I,47
160111001601149,V,47
160111001601149,R,6
161118002501129,B,47
161118002501129,I,19
161118002501129,V,3
170119003101260,B,47
170119003101260,I,3
150830005601130,B,46
150830005601130,I,26
150830005601130,V,10
150109001001277,B,45
150109001001277,I,31
150109001001277,V,21
150109001001277,R,3
160110001601352,B,45
160110001601352,I,1
161210002601248,B,43
161210002601248,I,15
161210002601248,V,2
170128002601122,B,43
170128002601122,I,3
170128002601122,V,2
170905004001138,B,42
170905004001138,V,5
170905004001138,I,4
171227002101088,R,42
171227002101088,B,12
171227002101088,I,7
171227002101088,V,1
170904001401212,B,41
170904001401212,V,2
170904001401212,R,1
221110003101124,B,41
221110003101124,I,21
221110003101124,V,11
221110003101124,R,6
160106002101358,B,38
160106002101358,I,25
160106002101358,V,2
160916003801115,B,37
160916003801115,I,17
160916003801115,V,5
160916003801115,R,3
170904001401178,B,36
170904001401178,V,4
160109002001015,B,35
160109002001015,V,3
160109002001015,I,2
160109002001015,R,1
140810005901103,B,34
140810005901103,I,5
141104003301239,B,33
141104003301239,I,5
141104003301239,R,1
141104003301239,V,1
150409006101122,B,33
150409006101122,I,32
150409006101122,V,10
150409006101122,R,2
151008004001328,B,33
151008004001328,I,15
151008004001328,R,4
160815004801229,I,33
160815004801229,B,11
160815004801229,V,3
160815004801229,R,1
161118003501332,I,32
161118003501332,B,25
161118003501332,V,15
161118003501332,R,12
181222002101109,B,31
181222002101109,V,1
201003005001130,B,31
201003005001130,I,2
201003005001130,V,1
141104003301002,B,30
141104003301002,I,3
141104003301002,V,1
160108002001229,B,30
160108002001229,I,20
160108002001229,R,1
161119003601282,V,30
161119003601282,I,8
161119003601282,B,3
170909003801053,B,30
170909003801053,V,4
170909003801053,I,3
181225003101384,B,30
210706004701045,B,30
210706004701045,V,5
210706004701045,I,4
211114000401003,B,30
211114000401003,I,4
211114000401003,V,1
160109002001384,B,29
160109002001384,I,11
160109002001384,V,7
160109002001384,R,1
170909003201007,B,29
170909003201007,V,10
170909003201007,I,7
170909003201007,R,3
191107002601049,B,29
151111003101322,B,28
151111003101322,I,9
151111003101322,V,1
151219001601177,I,28
151219001601177,B,25
151219001601177,V,10
151219001601177,R,1
160113001601342,B,28
160113001601342,I,12
160113001601342,V,1
160923004701186,B,28
160923004701186,I,3
160923004701186,V,3
221104002101340,I,28
151009004101389,B,27
151009004101389,I,10
151009004101389,V,3
151111003101380,I,26
151111003101380,B,8
151111003101380,V,5
170103001801066,B,26
170103001801066,I,5
170103001801066,V,1
151008004001214,B,25
151008004001214,I,1
160111001601056,B,25
160111001601056,V,2
160111001601056,I,1
160111001601368,B,25
160111001601368,I,12
160111001601368,V,1
170128002601077,B,25
170128002601077,I,3
170128002601077,V,1
170103001801128,B,24
170103001801128,I,5
170103001801128,V,5
141103003601014,I,23
141103003601014,V,3
141103003601014,B,2
141104003801337,B,23
141104003801337,I,16
141104003801337,V,3
150828005201155,I,23
150828005201155,V,2
150828005201155,B,1
161107002101346,B,23
161107002101346,I,8
161107002101346,V,1
170713006101122,B,23
170713006101122,I,9
170713006101122,V,1
181224001601327,B,23
181224001601327,V,1
141101003001328,I,21
141101003001328,B,7
141101003001328,V,6
150408004101288,B,21
150408004101288,I,5
150408004101288,V,1
150410002301033,B,21
150410002301033,I,15
150410002301033,V,2
150413002601188,I,21
150413002601188,B,10
150413002601188,V,4
150413002601188,R,2
161229002201127,B,21
161229002201127,I,11
161229002201127,V,3
140807006201014,B,20
140807006201014,I,3
140807006201014,V,3
140807006201014,R,1
150827004601393,B,20
150827004601393,I,18
150827004601393,V,7
150827004601393,R,1
151110003101327,B,20
151110003101327,I,11
151110003101327,V,1
181220001601037,B,20
181220001601037,R,1
150412003101185,I,19
150412003101185,B,6
150412003101185,V,1
150827005201040,B,19
150827005201040,I,14
150827005201040,V,4
150827005201040,R,1
160109002001009,B,19
160109002001009,I,3
160109002001009,V,1
160109002001297,B,19
160109002001297,I,15
160109002001297,R,4
170906005101057,I,19
170906005101057,B,10
170906005101057,V,2
210730003901240,B,19
210730003901240,I,10
170106002601292,B,18
170106002601292,I,1
170723005101026,B,18
170723005101026,V,7
170723005101026,I,5
170723005101165,B,18
170723005101165,I,6
170723005101165,V,4
150412003101117,B,17
150412003101117,I,3
150412003101117,V,1
150828005201293,I,17
150828005201293,B,8
151219001601236,I,17
151219001601236,B,7
151219001601236,V,1
160107001601313,I,17
160107001601313,B,4
160107001601313,V,1
160111001601069,B,17
160111001601069,I,5
160111001601069,V,1
160111002101186,I,17
160111002101186,B,1
170103001801196,I,17
170103001801196,B,5
170103001801196,V,1
170202000201147,I,17
170202000201147,B,2
210706004701296,I,17
210706004701296,B,2
210706004701296,V,1
210706004701299,I,17
210706004701299,B,2
211221001601149,B,17
211221001601149,I,14
211221001601149,V,1
140813004601366,I,16
140813004601366,B,9
140813004601366,V,3
161012003201234,B,16
161012003201234,I,5
161012003201234,V,4
181222002101167,B,16
181222002101167,V,1
150828005201370,B,15
150828005201370,I,9
150828005201370,V,5
150831006001369,B,15
150831006001369,I,7
151110003101011,B,15
151110003101011,V,5
151110003101011,I,4
160107001601379,B,15
160107001601379,I,8
160107001601379,V,1
161116002801392,I,15
161116002801392,B,4
161116002801392,V,2
161119003601270,V,15
161119003601270,I,3
161119003601270,B,2
170108001601380,I,15
170108001601380,R,5
170108001601380,B,2
170108001601380,V,1
171102002701399,I,15
171102002701399,B,6
171102002701399,V,1
221003001101220,I,15
221003001101220,B,3
141102003201149,B,14
141102003201149,I,5
141102003201149,V,2
150902002901078,I,14
150902002901078,B,12
150902002901078,V,1
160107002601049,I,14
160107002601049,B,8
160107002601264,I,14
160107002601264,B,8
160107002601264,V,1
161119003601075,B,14
161119003601075,I,8
161119003601075,V,2
161119003601075,R,1
171031002801192,B,14
171031002801192,I,11
171031002801192,V,1
191107002101063,B,14
200519001901243,I,14
200519001901243,B,5
200519001901243,V,1
200831003901289,I,14
210925003001361,I,14
210925003001361,B,2
150413003601037,I,13
150413003601037,B,2
150413003601037,V,1
151109002601152,I,13
151109002601152,B,4
161006005901054,B,13
161006005901054,I,13
161006005901054,V,3
161009005901153,B,13
161009005901153,I,13
161009005901153,V,2
161109004401367,I,13
161109004401367,B,7
161109004401367,V,7
171003004601339,B,13
171003004601339,V,1
171230004101056,I,13
171230004101056,B,2
140806004701026,B,12
141102003201020,B,12
141102003201020,I,4
141104004301161,I,12
141104004301161,B,6
141104004301161,V,2
141202003701298,I,12
141202003701298,B,3
141202003701298,V,2
150427002301053,B,12
150427002301053,I,4
150427002301053,V,2
150704002301134,I,12
150704002301134,B,6
150829005701255,I,12
150829005701255,V,5
150829005701255,B,3
151009003601329,I,12
151009003601329,B,6
151009003601329,V,5
151009003601329,R,1
151110003101271,I,12
151110003101271,B,2
160124002601339,I,12
160124002601339,B,7
160124002601339,V,3
160124002601339,R,2
170127001601393,B,12
170127001601393,I,9
170127001601393,V,2
170723005101083,B,12
170723005101083,I,10
170723005101083,V,3
200926004101319,I,12
200926004101319,B,3
210730003901017,I,12
210730003901017,B,1
140814006001161,I,11
140814006001161,B,6
151009003601205,I,11
151009003601205,V,2
151009003601205,B,1
160106002101285,B,11
160106002101285,I,2
160110001601030,B,11
160110001601030,I,5
160110001601030,R,2
160110001601030,V,2
160402005101316,I,11
160402005101316,B,3
160402005101316,V,2
160919004601208,I,11
160923003101158,B,11
160923003101158,V,2
160923003101158,I,1
161006005401270,B,11
161006005401270,I,6
161009005301251,I,11
161009005301251,B,7
161009005301251,V,2
161009005301381,I,11
161009005301381,B,5
161105004101195,B,11
161105004101195,I,8
161105004101195,V,2
161105004101195,R,1
161107002101088,I,11
161107002101088,V,2
161109004401251,I,11
161109004401251,V,2
161109004401251,B,1
161115002101006,B,11
161115002101006,I,2
161116003301385,I,11
161116003301385,B,2
161116003301385,V,2
161119003601088,I,11
161119003601088,B,6
161119003601088,V,1
170108001601286,I,11
170108001601286,B,10
170108001601286,R,2
170108001601286,V,1
170713005601370,I,11
170713005601370,B,4
170805005101261,I,11
170805005101261,V,2
170910004101346,B,11
170910004101346,I,3
171205002601353,I,11
171205002601353,B,2
171228003201087,I,11
171228003201087,B,3
181223001601090,B,11
191107003601092,B,11
221108002301199,B,11
221108002301199,I,1
140807005601342,I,10
140807005601342,B,1
140807005601342,V,1
140811005001122,I,10
140811005001122,B,3
140811005001122,V,1
141102003201059,B,10
141102003201059,I,7
150411003101288,B,10
150411003101288,I,3
150411003101288,V,3
150828005201395,B,10
150828005201395,I,1
150828005201395,V,1
150828005701301,B,10
150828005701301,I,9
150828005701301,V,2
160107002101362,I,10
160107002101362,B,3
160107002101362,V,1
161008004001279,B,10
161008004001279,I,7
161008004001279,V,1
161120002401009,I,10
161120002401009,B,6
161210002601116,I,10
161210002601116,B,1
161219002601313,I,10
170103001801015,I,10
170103001801015,B,8
170130001601366,I,10
170130001601366,B,1
170723005101090,B,10
170723005101090,I,10
170723005101090,V,4
170723005101090,R,1
171230001601006,I,10
171230001601006,B,3
141102003201175,I,9
141102003201175,B,4
141102003201175,V,2
150211004201391,B,9
150211004201391,I,3
150412003601082,I,9
150412003601082,B,4
150412003601082,V,2
150828005701071,B,9
150828005701071,I,4
150829005701213,I,9
150829005701213,B,5
151009004101262,B,9
151009004101262,I,4
151230001601177,I,9
151230001601177,B,1
160106002101377,I,9
160106002101377,B,3
160106002101377,V,1
160815004801159,I,9
160815004801159,B,3
160815004801159,R,1
160815004801159,V,1
160916003801167,B,9
160916003801167,I,2
161009004301276,B,9
161009004301276,I,6
161009004301370,I,9
161013004401118,I,9
161013004401118,B,3
161104003301114,I,9
170117002101243,I,9
170117002101243,B,4
170117002101243,V,2
170806005801129,B,9
170806005801129,I,5
170806005801129,V,2
170909003801254,B,9
170909003801254,I,9
170909003801254,V,2
171027001601391,I,9
171027001601391,B,8
171027001601391,V,2
171106003601280,I,9
171230001601207,B,9
171230001601207,I,8
181225002601399,B,9
181225002601399,V,1
200825003301205,I,9
200901004601289,I,9
200901004601289,B,3
200901004601289,R,1
201002002601346,I,9
201002002601346,B,1
221108002301325,I,9
221110003101271,I,9
221110003101271,B,3
140308000101105,I,8
140308000101105,B,7
140308000101105,V,1
140708007101168,I,8
140708007101168,B,3
140708007101168,V,1
140711004401142,I,8
140711004401142,B,6
140711004401142,V,1
141031003601019,B,8
141031003601019,I,4
141101003001379,I,8
141101003001379,V,2
141101003001379,B,1
141101003001384,I,8
141101003001384,B,4
141101003001384,V,1
150427002301331,B,8
150427002301331,I,4
150706005901322,I,8
150706005901322,B,4
150706005901322,V,2
151220002801284,I,8
151220002801284,B,3
160109002001096,B,8
160109002001096,I,5
160923003101278,B,8
160923003101278,I,2
160923003101278,V,1
161007003801285,B,8
161007003801285,I,6
161007003801285,R,1
161011002801068,B,8
161011002801068,I,1
161011002801068,V,1
161011002801345,I,8
161011002801345,B,3
161211002601129,B,8
161211002601129,I,6
161213002601316,I,8
161213002601316,B,3
170103001801344,B,8
170103001801344,I,4
170103001801390,I,8
170103001801390,B,6
170103001801390,V,1
181223001601290,B,8
200905003101352,I,8
210919003601371,I,8
210919003601371,B,6
140308000101248,I,7
140308000101248,B,4
140711004401120,I,7
140711004401120,V,3
140711004401120,B,1
140814006001166,B,7
140814006001166,I,2
140814006001166,V,1
150409006101292,I,7
151009003101148,I,7
151109001601352,I,7
151109001601352,B,2
151109001601352,V,1
151110002601119,I,7
151110002601119,B,3
151110002601119,V,1
151110002601332,I,7
151110002601332,B,5
151110002601332,V,1
151110003101123,B,7
151219001601113,I,7
151219001601113,B,1
161006005901038,I,7
161006005901038,B,5
161006005901038,V,1
161109004401235,I,7
161109004401235,B,1
161116002801202,B,7
161116002801202,I,1
161118002501241,I,7
161118002501241,B,1
161119003601367,B,7
161119003601367,I,6
170114002601091,I,7
170114002601091,B,4
170117002101347,I,7
170117002101347,B,1
170220001601134,I,7
170220001601134,B,5
170713005601314,I,7
170713005601314,B,1
170828003201140,B,7
170904001401112,B,7
170904001401112,R,1
170904001401112,V,1
170905003501258,I,7
170905003501258,B,1
170905003501316,I,7
170905003501316,B,2
171029003301379,I,7
171029003301379,B,1
171205002601315,I,7
191107003601347,I,7
200825003301056,B,7
200825003301056,I,3
200825003301056,V,1
201006003601228,I,7
201006003601228,B,6
201204002101080,I,7
201204002101080,B,5
210914000601329,I,7
221104001601394,I,7
221104001601394,B,1
221109002601377,I,7
221110003101199,I,7
221110003101199,B,2
140308000101241,I,6
140308000101241,B,2
140308000101264,I,6
140308000101264,B,4
150103003001317,I,6
150409004101151,I,6
150827004601178,I,6
150903002401094,I,6
150903002401180,I,6
150903002401180,B,2
150903002401180,V,1
151008004001026,B,6
151008004001026,I,1
151008004001026,V,1
151009003601118,I,6
151009003601118,B,3
151110002601085,I,6
151110002601085,B,3
151110002601317,I,6
151110002601317,B,4
151220002801017,B,6
151220002801017,I,5
151220002801017,V,2
151220002801375,I,6
151220002801375,B,2
160916003301169,I,6
160916003301169,B,1
160919004601004,I,6
160919004601004,B,1
160919004601004,V,1
160923003701120,I,6
160923003701120,B,2
160923003701120,V,1
161006004901038,I,6
161006004901038,B,3
161006004901045,I,6
161006004901045,B,1
161009005901256,I,6
161009005901256,B,4
161009005901256,V,2
161107002101184,I,6
161109003901340,B,6
161109003901340,I,5
161109003901340,V,1
161115002701304,I,6
161115002701304,B,5
161115002701304,V,2
161117003001166,I,6
161117003001166,B,3
161117003001166,V,1
161118003001293,B,6
161118003001293,I,6
161118004001290,I,6
161210002601222,I,6
161210002601222,B,4
161217003101224,I,6
170220001601328,I,6
170220001601328,B,1
170220001601328,V,1
170713006101273,I,6
170713006101273,R,5
170713006101273,B,3
170713006101273,V,2
170805005101392,I,6
170805005101392,B,1
170909003201311,I,6
170910005101105,I,6
170910005101105,B,1
170928000101220,I,6
170928000101220,V,3
170928000101220,B,2
200926004101020,I,6
200926004101020,B,2
201003005001321,B,6
201003005001321,I,5
221104002101255,I,6
230731002201392,I,6
140807005601284,I,5
140807005601284,B,2
140807005601284,V,1
140820003701226,I,5
141102002701021,B,5
141102002701021,R,3
141102002701021,I,2
141103003101174,B,5
141103003101174,I,3
141103003101174,R,3
141103003101174,V,1
141103003601015,I,5
141103003601015,V,1
141104002801123,I,5
141104002801123,B,2
141104002801123,V,1
141104003801157,B,5
141104003801157,I,5
150101002301244,B,5
150101002301244,I,3
151008003501047,I,5
151009003601014,B,5
151009003601014,I,2
151009004101026,I,5
151009004101026,B,2
151009004101026,V,1
151110003701213,I,5
151110003701213,B,3
151219002601272,I,5
151219003101027,I,5
151230002201333,B,5
151230002201333,I,3
160107002601371,I,5
160107002601371,B,1
160124002601248,B,5
160124002601248,I,2
161011002801095,B,5
161011002801095,I,3
161011002801095,V,1
161013003801283,B,5
161013003801283,V,1
161104003301111,I,5
161104003801331,I,5
161104003801331,B,3
161210002601227,I,5
161210002601227,B,1
161213002601169,I,5
161213002601169,B,3
161213002601169,V,1
161229001601228,B,5
161229001601228,I,4
161229001601228,R,2
161229001601344,I,5
161229001601344,B,3
170109002101320,R,5
170109002101320,I,4
170109002101320,B,2
170109002101320,V,1
170130001601268,B,5
170130001601268,I,5
170531002301332,I,5
170531002301332,B,3
170531002301332,V,1
170723005101151,B,5
170723005101151,I,1
170906005101373,I,5
170906005101373,B,1
170906005101375,I,5
170906005101375,V,2
170906005101375,B,1
170907004601341,B,5
170907004601341,I,2
170910005101101,I,5
170910005101101,B,2
170910005101261,I,5
171001002901035,I,5
171001002901175,I,5
171001002901175,B,1
171101001801116,I,5
171101001801116,B,4
171102003301212,B,5
171102003301212,I,4
171102004501353,B,5
171102004501353,I,5
171102004501353,V,1
181226002101340,B,5
191109002201058,B,5
191109002201058,I,1
200825003301309,I,5
200926004101160,I,5
200926004101160,B,2
201003005601020,I,5
201003005601020,B,1
201006003601366,I,5
201201003001055,I,5
221003001601230,I,5
221003001601261,I,5
221003001601261,B,3
221102001601279,I,5
221103002601227,I,5
221231001601333,I,5
140806004701022,V,4
140806004701022,B,2
140806004701022,I,1
140808004701341,B,4
140808004701341,R,1
141104003801016,I,4
150112002501318,I,4
150112002501318,B,3
150409006101012,I,4
150409006101012,V,1
150903002401145,I,4
151009003601347,I,4
151009003601347,B,2
151009004101111,B,4
151009004101111,I,3
151009004101111,V,3
151009004101130,I,4
151009004601331,I,4
151009004601331,B,1
151009004601331,V,1
151009005101029,B,4
151009005101029,I,1
151111003101172,I,4
151111003101172,B,2
151230002201353,I,4
151230002201353,V,1
160107001601316,I,4
160107001601316,B,1
160107002601281,I,4
160107002601281,B,1
160110002101290,I,4
160111001601021,B,4
160111001601021,I,4
160402005101345,I,4
160402005101345,B,2
160815004801273,B,4
160815004801273,I,4
160815004801317,I,4
160815004801317,B,1
160816004701303,I,4
160816004701303,V,1
161006004901129,I,4
161006004901129,B,3
161104003801134,I,4
161104003801134,V,1
161106004101231,B,4
161106004101231,I,4
161116003301391,B,4
161116003301391,I,1
161118003501264,B,4
161118003501264,I,2
161118003501395,I,4
161118003501395,B,1
161119003601241,I,4
161211003901140,B,4
161211003901140,I,3
161217002601097,I,4
170117002601178,B,4
170117002601178,I,3
170117002601178,V,1
170508002601056,B,4
170508002601056,I,4
170806005801126,B,4
170806005801126,I,1
170806005801126,V,1
170906003101399,I,4
170906003101399,B,3
170907004601071,I,4
170909003201020,B,4
170909003201020,I,3
171003005101061,B,4
171003005101061,V,2
171027002201123,B,4
171027002201123,I,4
171027002201123,V,2
171101001801182,B,4
171101001801182,I,3
171102003301071,B,4
171102003301071,I,1
181225001601267,B,4
181225001601267,V,1
191107002601360,I,4
191107002601384,I,4
191107002601384,B,1
200901004101184,I,4
200901004101254,I,4
201003005001259,I,4
201003005001259,B,1
221102001601360,I,4
221110003101258,B,4
221110003101258,I,1
221231001601212,I,4
140711004401197,I,3
140711004401197,V,3
140711004401197,B,1
140806004701344,B,3
140806004701344,I,1
140807006201039,I,3
140807006201039,B,2
140808004701057,R,3
140808004701057,B,2
140810005901151,I,3
141031003601151,I,3
141031003601151,B,1
141031003601276,B,3
141031003601276,I,1
141202003701330,I,3
141202003701330,B,2
150112002501093,B,3
150112002501093,I,1
150427001801398,B,3
150427001801398,I,2
150427001801398,V,1
150903002401126,B,3
150903002401126,I,2
151009003101116,I,3
151009003101116,B,2
151009003101116,V,1
151009003601102,I,3
151009003601102,B,2
151009003601306,B,3
151009003601306,I,3
151009003601306,V,1
151009004101272,B,3
151009004101272,I,2
151109003101026,B,3
151109003101026,I,1
151110002601385,B,3
151110002601385,I,2
160107002101045,I,3
160107002101045,B,1
160109002001196,I,3
160109002001196,V,1
160110001601055,I,3
160110001601055,B,1
160111002101201,I,3
160816004701356,I,3
160816004701356,B,1
160923004701204,B,3
160923004701204,I,3
161006004901112,B,3
161006004901112,V,1
161006005901165,B,3
161006005901165,I,1
161006005901165,V,1
161006005901176,I,3
161009004801211,I,3
161009004801365,I,3
161009005901238,B,3
161009005901238,I,1
161011002201310,I,3
161106003601328,B,3
161106003601328,I,3
161106003601328,V,1
161106004101018,B,3
161106004101018,I,3
161106004101018,V,1
161106004101291,I,3
161106004101291,V,2
161106004101291,B,1
161109004401032,I,3
161117003001296,I,3
161117003501002,I,3
161117003501002,B,1
161119003101093,B,3
161119003101093,I,2
161119003101383,I,3
161119003101383,B,1
161120002401211,I,3
161120002401211,B,2
161210004201370,I,3
161210004201370,B,1
161210004201370,R,1
161213001601163,I,3
161213001601163,B,1
161213002601174,B,3
161213002601174,I,1
161218003101327,I,3
161218003101327,B,2
161219003101078,B,3
161219003101078,I,2
170105002101128,B,3
170105002101128,I,1
170127001601361,B,3
170127001601361,I,3
170128001601061,I,3
170220001601149,I,3
170220001601149,B,1
170220001601366,I,3
170713006101386,I,3
170713006101386,B,2
170713006101386,V,1
170805005101149,B,3
170805005101149,I,1
170829003401045,B,3
170829003401149,B,3
170909003201027,B,3
170910004601044,I,3
170910004601044,B,1
171003003601255,B,3
171003003601255,R,2
171003003601255,V,1
171101001801233,I,3
171101002501387,I,3
171101002501387,B,1
171228002101219,I,3
171228002101219,B,1
171230002601273,I,3
191107002101320,I,3
200831003901032,I,3
200831003901313,I,3
200901004101272,I,3
211216001601378,I,3
211216001601378,B,1
221103002601297,I,3
221104002101335,I,3
221109002601345,I,3
230731003301285,I,3
131217002301135,B,2
131217002301135,I,2
140414003101306,I,2
140414003101306,B,1
140414003101306,V,1
140708007101289,R,2
140708007101289,B,1
140811005001133,B,2
141031003601318,I,2
141031003601318,B,1
141101003001151,I,2
141101003001151,B,1
141102003201081,B,2
141102003201081,I,1
141231002501125,I,2
141231002501125,B,1
150103003001389,B,2
150103003001389,I,1
150103003001389,V,1
150409002601167,I,2
150409002601230,I,2
150409002601230,B,1
150409005601092,I,2
150409005601092,B,1
150705006401307,B,2
150705006401307,I,2
150705006401307,V,1
150830005601134,I,2
150902002901116,I,2
150902002901116,R,2
150902003701386,I,2
150902003701386,B,1
151008004001280,I,2
151009003101086,B,2
151009003101086,I,2
151009003601294,I,2
151110003101254,B,2
151110003101254,I,1
151219003101208,I,2
151220002801239,B,2
160106002101395,B,2
160106002101395,I,1
160107002601085,I,2
160402005101360,I,2
160402005101360,B,1
160402005101360,V,1
160517000101279,I,2
160517000101279,B,1
160517000101279,V,1
160923004201303,B,2
160923004701031,I,2
160923004701167,I,2
161006005401336,I,2
161006005401336,V,1
161008003501206,B,2
161011002201275,I,2
161011002801194,B,2
161011002801194,I,2
161013003801111,B,2
161013003801111,I,2
161013003801111,V,1
161013004901093,I,2
161105004601162,I,2
161107002101124,I,2
161107003901077,I,2
161109004901006,B,2
161109004901006,V,2
161109004901289,B,2
161109004901289,V,1
161116001701343,I,2
161116002201070,I,2
161116002201070,B,1
161117003001393,I,2
161117004601235,I,2
161118002501177,B,2
161118003501124,V,2
161118003501124,B,1
161118003501124,I,1
161118003501158,I,2
161118004001184,I,2
161118004001364,I,2
161119002601134,B,2
161119002601134,I,1
161120002401173,I,2
161209001601037,B,2
161209001601212,I,2
161210002601308,I,2
161210002601308,B,1
161212001601122,I,2
161212001601122,V,1
161212002101204,I,2
161212002101204,B,1
161213003101278,I,2
161218003601255,I,2
170106002601388,I,2
170115002201351,I,2
170115002201351,B,1
170117002101203,I,2
170117002101203,B,1
170117002101203,V,1
170119002601072,B,2
170119002601072,I,1
170121002201186,B,2
170122002101033,I,2
170122002101033,V,1
170128002101036,B,2
170130001601364,I,2
170220001601368,I,2
170417004001257,I,2
170711005801006,I,2
170806005801301,I,2
170806005801301,B,1
170806005801301,V,1
170829001101394,I,2
170829001101394,B,1
170829003901129,I,2
170904001401334,B,2
170904001401334,V,1
170907004601075,I,2
170910005101122,I,2
170911004701168,I,2
170911004701168,B,1
171001002901108,B,2
171001002901108,I,2
171003003601198,B,2
171003003601198,R,2
171027001601036,B,2
171102004501107,I,2
181225002601395,B,2
200901004601146,I,2
200901004601146,B,1
200926004101220,I,2
201001003201073,I,2
201001003201232,I,2
201204002101321,I,2
210919003601187,I,2
210919003601298,I,2
210925003001014,I,2
221003001101021,I,2
221003001601342,I,2
221003001601342,B,1
221102001601267,I,2
221103002601217,I,2
221103002601376,I,2
221109002601267,I,2
230731003301076,I,2
230801002101384,I,2
230801002101392,I,2
230801002101392,B,1
140308000101253,I,1
140709003801399,B,1
140709003801399,V,1
140807005601045,B,1
140813004601284,I,1
140820002101387,B,1
141102002701254,I,1
141102002701254,V,1
141102003201131,B,1
141102003201131,I,1
141102003201131,V,1
141103003601298,B,1
141103003601298,I,1
141103004201095,I,1
141104003801107,B,1
141104003801107,I,1
141104003801107,V,1
141231003001314,B,1
141231003001314,I,1
150409002601346,I,1
150409002601346,V,1
150409004601389,I,1
150409005101349,I,1
150705006401270,B,1
150706005901097,B,1
150706005901097,I,1
150827005201324,B,1
150827005201324,I,1
150903002401324,I,1
151008004001031,I,1
151110003101096,B,1
151111003101077,B,1
151111003101077,I,1
151111003101077,V,1
151219002601097,B,1
160106001601078,I,1
160106002101048,I,1
160106002601267,I,1
160107001601088,I,1
160107001601254,I,1
160107002101028,B,1
160107002101028,I,1
160107002601115,B,1
160110002101383,I,1
160111002101097,B,1
160325004701396,B,1
160402005101075,I,1
160402005101161,I,1
160418003601368,I,1
160811004601361,B,1
160811004601361,I,1
160816004701070,I,1
160816004701129,I,1
160816004701175,B,1
160816004701175,I,1
160816004701175,V,1
160916004301302,B,1
160923003701021,B,1
160923003701021,I,1
160923004201025,I,1
161006004401128,I,1
161006004901032,I,1
161006005401365,B,1
161011003401351,B,1
161011003401351,I,1
161104003301122,B,1
161104003301122,I,1
161104003801140,B,1
161107002801382,I,1
161107003901321,I,1
161109004901137,V,1
161115001601309,I,1
161115002101047,I,1
161115002101342,I,1
161116002801235,I,1
161117003501031,I,1
161118005201395,I,1
161119003101123,B,1
161209001601032,I,1
161209001601171,B,1
161211003901020,I,1
161212002101143,I,1
161213001601079,I,1
161213002601118,B,1
161213002601181,I,1
161217002601072,B,1
161217003101211,B,1
161217003101211,I,1
161218002601232,I,1
161218003101162,I,1
170108001601388,I,1
170117002601137,B,1
170122002101276,B,1
170122002101276,I,1
170413003101183,I,1
170417004001142,B,1
170417004001142,V,1
170508002601379,B,1
170508002601379,I,1
170828003201222,B,1
170828003201385,B,1
170828003901230,I,1
170828003901354,I,1
170828003901392,I,1
170828004401226,B,1
170829002901012,B,1
170829003401113,B,1
170829003901135,B,1
170829003901293,I,1
170830002801353,I,1
170830004001065,B,1
170830004001234,I,1
170904001401133,B,1
170904001401133,V,1
170905003501251,I,1
170906004601059,B,1
170906004601108,B,1
170906004601226,B,1
170906004601226,I,1
170910006101128,I,1
170910006101248,B,1
170910006101257,I,1
170910006101292,I,1
171003003601369,B,1
171003003601369,R,1
171003005101099,B,1
171003005101272,B,1
171003005101290,B,1
171029003301007,B,1
171029003301007,V,1
171101003001171,B,1
171102003301043,I,1
171102003901080,I,1
171102004501165,I,1
171106003001009,B,1
171106003001009,I,1
171106003001009,V,1
171106003001143,B,1
171106003601296,B,1
171106003601296,I,1
171206003601232,I,1
171228002701136,B,1
171228002701136,I,1
171228002701232,B,1
171230004101385,I,1
180101003601347,B,1
181221002101237,B,1
181223001601079,B,1
181226002101110,B,1
181226002101116,B,1
191106003801336,I,1
191107002601233,I,1
200904001101046,B,1
200904001101046,I,1
200927003101202,I,1
200927003101344,I,1
201003005001153,B,1
201005003601052,B,1
210925003001196,I,1
210925003001199,I,1
211216001601276,I,1
221102001601182,B,1
221102001601182,I,1
221102001601384,I,1
221103002601114,I,1
221103002601125,I,1
221103002601277,I,1
221103002601301,I,1
221221001601110,B,1
221221001601220,I,1
221231001601344,I,1
